"filename","base_name","row_count","col_count","body_nonempty_cols","category","server_relevance","has_text","size_bytes"
"_boot_error_type.csv","_boot_error_type","57","4","4","system","later","False","764"
"_group.csv","_group","38","29","20","system","later","True","4080"
"_item.csv","_item","8403","5","5","item","critical","True","359077"
"_layout.csv","_layout","173","5","4","system","later","False","2823"
"_movie.csv","_movie","22","8","8","system","later","True","4706"
"_quest.csv","_quest","246","29","3","quest","critical","False","11179"
"_region.csv","_region","61","3","2","system","later","False","511"
"_staffroll.csv","_staffroll","1147","4","3","system","later","True","32629"
"_text_error_type(2).csv","_text_error_type(2)","85","4","4","system","later","False","1126"
"_text_error_type.csv","_text_error_type","90","4","4","system","later","False","1191"
"_worldMasterLogCategory.csv","_worldMasterLogCategory","1948","6","2","system","later","False","27339"
"_zoneParam.csv","_zoneParam","111","2","2","zone","critical","False","1105"
"2Dmap_actor_data.csv","2Dmap_actor_data","19","4","4","map","critical","True","726"
"2Dmap_data.csv","2Dmap_data","307","18","18","map","critical","False","21099"
"2Dmap_marker.csv","2Dmap_marker","634","19","15","map","critical","True","69630"
"2Dmap_piece.csv","2Dmap_piece","98","7","7","map","critical","False","2823"
"accessory.csv","accessory","278","132","3","item","critical","False","40031"
"achievement.csv","achievement","746","21","11","achievement","useful","False","29643"
"acn200.csv","acn200","39","6","12","gear_class_acn","useful","True","23445"
"acn300.csv","acn300","52","6","16","gear_class_acn","useful","True","28266"
"acn306.csv","acn306","46","6","6","gear_class_acn","useful","True","15920"
"acn400.csv","acn400","78","6","13","gear_class_acn","useful","True","34120"
"acn500.csv","acn500","62","6","11","gear_class_acn","useful","True","30713"
"acn506.csv","acn506","84","6","14","gear_class_acn","useful","True","41374"
"actorclass.csv","actorclass","7984","7","2","actor_class","critical","False","165313"
"actorclass_graphic.csv","actorclass_graphic","7831","48","42","actor_class","critical","False","899997"
"actorclass_mapObj.csv","actorclass_mapObj","158","50","3","actor_class","critical","False","10156"
"aetheryte.csv","aetheryte","118","16","11","aetheryte","critical","False","5749"
"aetheryte_2Dmap.csv","aetheryte_2Dmap","118","22","5","aetheryte","critical","False","4404"
"aetheryteChild.csv","aetheryteChild","60","6","6","aetheryte","critical","True","20473"
"aetheryteParent.csv","aetheryteParent","235","6","6","aetheryte","critical","True","139353"
"alc200.csv","alc200","83","6","8","gear_class_alc","useful","True","46030"
"alc300.csv","alc300","108","6","32","gear_class_alc","useful","True","65155"
"alc306.csv","alc306","68","6","20","gear_class_alc","useful","True","30723"
"alc400.csv","alc400","87","6","5","gear_class_alc","useful","True","19769"
"alc500.csv","alc500","75","6","3","gear_class_alc","useful","True","10113"
"alc506.csv","alc506","79","6","3","gear_class_alc","useful","True","12563"
"arc200.csv","arc200","79","6","8","gear_class_arc","useful","True","47804"
"arc300.csv","arc300","98","6","16","gear_class_arc","useful","True","53701"
"arc306.csv","arc306","77","6","19","gear_class_arc","useful","True","46929"
"arc400.csv","arc400","82","6","6","gear_class_arc","useful","True","27122"
"arc500.csv","arc500","92","6","6","gear_class_arc","useful","True","19766"
"arc506.csv","arc506","79","6","7","gear_class_arc","useful","True","21371"
"armor.csv","armor","3599","130","14","item","critical","False","561308"
"beaconFortGateGimmick.csv","beaconFortGateGimmick","8","6","5","event_object","critical","True","1156"
"blackMarket.csv","blackMarket","27","11","11","shop","critical","False","1117"
"blm0j1.csv","blm0j1","75","6","9","gear_class_blm","useful","True","48523"
"blm0j2.csv","blm0j2","20","6","15","gear_class_blm","useful","True","10370"
"blm0j3.csv","blm0j3","46","6","25","gear_class_blm","useful","True","33657"
"blm0j4.csv","blm0j4","37","6","17","gear_class_blm","useful","True","23276"
"blm0j5.csv","blm0j5","27","6","20","gear_class_blm","useful","True","21768"
"blm0j6.csv","blm0j6","101","6","23","gear_class_blm","useful","True","60619"
"blm0j7.csv","blm0j7","1","6","5","gear_class_blm","useful","True","68"
"blm0j8.csv","blm0j8","1","6","5","gear_class_blm","useful","True","68"
"blm0j9.csv","blm0j9","1","6","5","gear_class_blm","useful","True","68"
"blm1j0.csv","blm1j0","1","6","5","gear_class_blm","useful","True","68"
"bookShelf.csv","bookShelf","81","6","6","event_object","critical","True","27404"
"boot_charaLook.csv","boot_charaLook","60","42","42","gear_other","useful","False","6644"
"boot_charaParts.csv","boot_charaParts","15","26","308","gear_other","useful","True","21124"
"boot_charaTemp.csv","boot_charaTemp","15","19","19","gear_other","useful","False","1643"
"boot_skillequip.csv","boot_skillequip","1020","23","23","gear_other","useful","False","70317"
"brd0j1.csv","brd0j1","67","6","16","gear_class_brd","useful","True","44680"
"brd0j2.csv","brd0j2","26","6","9","gear_class_brd","useful","True","18544"
"brd0j3.csv","brd0j3","24","6","14","gear_class_brd","useful","True","17760"
"brd0j4.csv","brd0j4","34","6","10","gear_class_brd","useful","True","18799"
"brd0j5.csv","brd0j5","26","6","14","gear_class_brd","useful","True","14962"
"brd0j6.csv","brd0j6","45","6","16","gear_class_brd","useful","True","26210"
"brd0j7.csv","brd0j7","1","6","5","gear_class_brd","useful","True","68"
"brd0j8.csv","brd0j8","1","6","5","gear_class_brd","useful","True","68"
"brd0j9.csv","brd0j9","1","6","5","gear_class_brd","useful","True","68"
"brd1j0.csv","brd1j0","1","6","5","gear_class_brd","useful","True","68"
"bsm200.csv","bsm200","87","6","12","gear_other","useful","True","86248"
"bsm300.csv","bsm300","158","6","29","gear_other","useful","True","111577"
"bsm306.csv","bsm306","135","6","25","gear_other","useful","True","79509"
"bsm400.csv","bsm400","105","6","9","gear_other","useful","True","32259"
"bsm500.csv","bsm500","43","6","9","gear_other","useful","True","21721"
"bsm506.csv","bsm506","53","6","9","gear_other","useful","True","18655"
"chocoboCaravanGuard.csv","chocoboCaravanGuard","11","6","6","facility","critical","True","4959"
"cnj200.csv","cnj200","96","6","11","gear_class_cnj","useful","True","59221"
"cnj300.csv","cnj300","129","6","19","gear_class_cnj","useful","True","72609"
"cnj306.csv","cnj306","105","6","15","gear_class_cnj","useful","True","59164"
"cnj400.csv","cnj400","108","6","7","gear_class_cnj","useful","True","21755"
"cnj500.csv","cnj500","39","6","8","gear_class_cnj","useful","True","9325"
"cnj506.csv","cnj506","43","6","6","gear_class_cnj","useful","True","4829"
"com0g1.csv","com0g1","61","6","19","gear_common","useful","True","47057"
"com0g2.csv","com0g2","20","6","10","gear_common","useful","True","15673"
"com0g3.csv","com0g3","14","6","19","gear_common","useful","True","10791"
"com0g4.csv","com0g4","59","6","6","gear_common","useful","True","44114"
"com0g5.csv","com0g5","87","6","15","gear_common","useful","True","71555"
"com0g6.csv","com0g6","81","6","16","gear_common","useful","True","61742"
"com0g7.csv","com0g7","43","6","14","gear_common","useful","True","30917"
"com0g8.csv","com0g8","1","6","6","gear_common","useful","True","70"
"com0g9.csv","com0g9","1","6","6","gear_common","useful","True","70"
"com0l1.csv","com0l1","58","6","28","gear_common","useful","True","47907"
"com0l2.csv","com0l2","21","6","13","gear_common","useful","True","18323"
"com0l3.csv","com0l3","14","6","18","gear_common","useful","True","10632"
"com0l4.csv","com0l4","62","6","12","gear_common","useful","True","50812"
"com0l5.csv","com0l5","78","6","20","gear_common","useful","True","62633"
"com0l6.csv","com0l6","106","6","19","gear_common","useful","True","81936"
"com0l7.csv","com0l7","41","6","11","gear_common","useful","True","32482"
"com0l8.csv","com0l8","1","6","6","gear_common","useful","True","70"
"com0l9.csv","com0l9","1","6","6","gear_common","useful","True","70"
"com0u1.csv","com0u1","57","6","20","gear_common","useful","True","46175"
"com0u2.csv","com0u2","20","6","16","gear_common","useful","True","14931"
"com0u3.csv","com0u3","14","6","13","gear_common","useful","True","11060"
"com0u4.csv","com0u4","60","6","8","gear_common","useful","True","45948"
"com0u5.csv","com0u5","96","6","16","gear_common","useful","True","76588"
"com0u6.csv","com0u6","78","6","24","gear_common","useful","True","66222"
"com0u7.csv","com0u7","40","6","18","gear_common","useful","True","32507"
"com0u8.csv","com0u8","1","6","6","gear_common","useful","True","70"
"com0u9.csv","com0u9","1","6","6","gear_common","useful","True","70"
"com5g0.csv","com5g0","73","6","15","gear_common","useful","True","59669"
"com5g1.csv","com5g1","66","6","14","gear_common","useful","True","60347"
"com5g2.csv","com5g2","1","6","6","gear_common","useful","True","70"
"com5g3.csv","com5g3","1","6","6","gear_common","useful","True","70"
"com5g4.csv","com5g4","1","6","6","gear_common","useful","True","70"
"com5g5.csv","com5g5","1","6","6","gear_common","useful","True","70"
"com5l0.csv","com5l0","90","6","14","gear_common","useful","True","92493"
"com5l1.csv","com5l1","63","6","34","gear_common","useful","True","65987"
"com5l2.csv","com5l2","1","6","6","gear_common","useful","True","70"
"com5l3.csv","com5l3","1","6","6","gear_common","useful","True","70"
"com5l4.csv","com5l4","1","6","6","gear_common","useful","True","70"
"com5l5.csv","com5l5","1","6","6","gear_common","useful","True","70"
"com5u0.csv","com5u0","79","6","15","gear_common","useful","True","72401"
"com5u1.csv","com5u1","62","6","24","gear_common","useful","True","62978"
"com5u2.csv","com5u2","1","6","6","gear_common","useful","True","70"
"com5u3.csv","com5u3","1","6","6","gear_common","useful","True","70"
"com5u4.csv","com5u4","1","6","6","gear_common","useful","True","70"
"com5u5.csv","com5u5","1","6","6","gear_common","useful","True","70"
"command.csv","command","1662","36","9","command","critical","False","128302"
"communityMember.csv","communityMember","4","3","3","gear_common","useful","False","67"
"companyleveRescueNormal.csv","companyleveRescueNormal","27","6","9","gear_common","useful","True","13719"
"compatibility.csv","compatibility","219","53","45","gear_common","useful","False","30094"
"craftJudge.csv","craftJudge","28","6","8","craft_harvest","critical","True","14762"
"cul200.csv","cul200","107","6","10","gear_class_cul","useful","True","57738"
"cul300.csv","cul300","98","6","23","gear_class_cul","useful","True","66704"
"cul306.csv","cul306","102","6","15","gear_class_cul","useful","True","65429"
"cul400.csv","cul400","124","6","11","gear_class_cul","useful","True","49341"
"cul500.csv","cul500","140","6","10","gear_class_cul","useful","True","39114"
"cul506.csv","cul506","160","6","8","gear_class_cul","useful","True","50173"
"cutReplay.csv","cutReplay","614","17","12","player_meta","critical","True","41735"
"debug.csv","debug","38","6","6","command","critical","True","9684"
"debugCommand.csv","debugCommand","151","8","8","command","critical","True","22518"
"dftFst.csv","dftFst","801","6","6","zone","critical","True","421057"
"dftLak.csv","dftLak","187","6","2","zone","critical","True","143281"
"dftRoc.csv","dftRoc","73","6","11","zone","critical","True","53328"
"dftSea.csv","dftSea","801","6","6","zone","critical","True","436488"
"dftSrt.csv","dftSrt","4","6","12","zone","critical","True","1142"
"dftWil.csv","dftWil","801","6","6","zone","critical","True","455217"
"drg0j1.csv","drg0j1","50","6","15","gear_class_drg","useful","True","32824"
"drg0j2.csv","drg0j2","24","6","11","gear_class_drg","useful","True","19515"
"drg0j3.csv","drg0j3","27","6","11","gear_class_drg","useful","True","22642"
"drg0j4.csv","drg0j4","40","6","22","gear_class_drg","useful","True","23447"
"drg0j5.csv","drg0j5","28","6","7","gear_class_drg","useful","True","15825"
"drg0j6.csv","drg0j6","41","6","13","gear_class_drg","useful","True","21360"
"drg0j7.csv","drg0j7","1","6","5","gear_class_drg","useful","True","68"
"drg0j8.csv","drg0j8","1","6","5","gear_class_drg","useful","True","68"
"drg0j9.csv","drg0j9","1","6","5","gear_class_drg","useful","True","68"
"drg1j0.csv","drg1j0","1","6","5","gear_class_drg","useful","True","68"
"elevatorStandard.csv","elevatorStandard","36","6","6","event_object","critical","True","4251"
"emote.csv","emote","55","5","2","command","critical","False","681"
"equipment.csv","equipment","4875","141","26","item","critical","False","966550"
"equipSet.csv","equipSet","19","34","34","item","critical","False","2100"
"etc0g1.csv","etc0g1","26","6","8","gear_etc","useful","True","6393"
"etc0g2.csv","etc0g2","32","6","6","gear_etc","useful","True","5404"
"etc0g3.csv","etc0g3","24","6","6","gear_etc","useful","True","4577"
"etc0g4.csv","etc0g4","74","6","8","gear_etc","useful","True","11166"
"etc0g5.csv","etc0g5","1","6","6","gear_etc","useful","True","65"
"etc0g6.csv","etc0g6","1","6","6","gear_etc","useful","True","65"
"etc0g7.csv","etc0g7","1","6","6","gear_etc","useful","True","65"
"etc0g8.csv","etc0g8","1","6","6","gear_etc","useful","True","65"
"etc0g9.csv","etc0g9","1","6","6","gear_etc","useful","True","65"
"etc0l1.csv","etc0l1","21","6","8","gear_etc","useful","True","5560"
"etc0l2.csv","etc0l2","28","6","6","gear_etc","useful","True","5456"
"etc0l3.csv","etc0l3","30","6","6","gear_etc","useful","True","6148"
"etc0l4.csv","etc0l4","49","6","8","gear_etc","useful","True","9115"
"etc0l5.csv","etc0l5","1","6","6","gear_etc","useful","True","65"
"etc0l6.csv","etc0l6","1","6","6","gear_etc","useful","True","65"
"etc0l7.csv","etc0l7","1","6","6","gear_etc","useful","True","65"
"etc0l8.csv","etc0l8","1","6","6","gear_etc","useful","True","65"
"etc0l9.csv","etc0l9","1","6","6","gear_etc","useful","True","65"
"etc0u1.csv","etc0u1","22","6","8","gear_etc","useful","True","5368"
"etc0u2.csv","etc0u2","38","6","6","gear_etc","useful","True","5723"
"etc0u3.csv","etc0u3","29","6","6","gear_etc","useful","True","5454"
"etc0u4.csv","etc0u4","54","6","8","gear_etc","useful","True","9641"
"etc0u5.csv","etc0u5","1","6","6","gear_etc","useful","True","65"
"etc0u6.csv","etc0u6","1","6","6","gear_etc","useful","True","65"
"etc0u7.csv","etc0u7","1","6","6","gear_etc","useful","True","65"
"etc0u8.csv","etc0u8","1","6","6","gear_etc","useful","True","65"
"etc0u9.csv","etc0u9","1","6","6","gear_etc","useful","True","65"
"etc101.csv","etc101","18","6","30","gear_etc","useful","True","18335"
"etc102.csv","etc102","34","6","19","gear_etc","useful","True","36384"
"etc103.csv","etc103","22","6","24","gear_etc","useful","True","20517"
"etc104.csv","etc104","28","6","26","gear_etc","useful","True","31603"
"etc105.csv","etc105","1","6","6","gear_etc","useful","True","73"
"etc106.csv","etc106","344","6","15","gear_etc","useful","True","353773"
"etc1g0.csv","etc1g0","17","6","9","gear_etc","useful","True","14038"
"etc1g1.csv","etc1g1","17","6","15","gear_etc","useful","True","14336"
"etc1g2.csv","etc1g2","43","6","10","gear_etc","useful","True","29984"
"etc1g3.csv","etc1g3","1","6","6","gear_etc","useful","True","70"
"etc1g4.csv","etc1g4","34","6","12","gear_etc","useful","True","18066"
"etc1g5.csv","etc1g5","28","6","12","gear_etc","useful","True","21572"
"etc1g6.csv","etc1g6","47","6","9","gear_etc","useful","True","43881"
"etc1g7.csv","etc1g7","1","6","6","gear_etc","useful","True","70"
"etc1g8.csv","etc1g8","30","6","25","gear_etc","useful","True","18857"
"etc1g9.csv","etc1g9","13","6","13","gear_etc","useful","True","9502"
"etc1l0.csv","etc1l0","19","6","14","gear_etc","useful","True","19293"
"etc1l1.csv","etc1l1","19","6","25","gear_etc","useful","True","12185"
"etc1l2.csv","etc1l2","1","6","6","gear_etc","useful","True","70"
"etc1l3.csv","etc1l3","12","6","17","gear_etc","useful","True","13600"
"etc1l4.csv","etc1l4","1","6","6","gear_etc","useful","True","70"
"etc1l5.csv","etc1l5","36","6","9","gear_etc","useful","True","23372"
"etc1l6.csv","etc1l6","19","6","12","gear_etc","useful","True","12885"
"etc1l7.csv","etc1l7","43","6","8","gear_etc","useful","True","32465"
"etc1l8.csv","etc1l8","42","6","15","gear_etc","useful","True","31999"
"etc1l9.csv","etc1l9","17","6","9","gear_etc","useful","True","14466"
"etc1u0.csv","etc1u0","13","6","18","gear_etc","useful","True","15745"
"etc1u1.csv","etc1u1","18","6","15","gear_etc","useful","True","15682"
"etc1u2.csv","etc1u2","21","6","9","gear_etc","useful","True","21356"
"etc1u3.csv","etc1u3","1","6","6","gear_etc","useful","True","70"
"etc1u4.csv","etc1u4","37","6","11","gear_etc","useful","True","29623"
"etc1u5.csv","etc1u5","29","6","11","gear_etc","useful","True","13913"
"etc1u6.csv","etc1u6","22","6","11","gear_etc","useful","True","19524"
"etc1u7.csv","etc1u7","13","6","7","gear_etc","useful","True","14833"
"etc1u8.csv","etc1u8","19","6","20","gear_etc","useful","True","20477"
"etc1u9.csv","etc1u9","17","6","19","gear_etc","useful","True","13909"
"etc200.csv","etc200","26","6","11","gear_etc","useful","True","22929"
"etc201.csv","etc201","40","6","14","gear_etc","useful","True","29899"
"etc202.csv","etc202","1","6","5","gear_etc","useful","True","68"
"etc203.csv","etc203","1","6","5","gear_etc","useful","True","68"
"etc204.csv","etc204","1","6","5","gear_etc","useful","True","68"
"etc205.csv","etc205","1","6","5","gear_etc","useful","True","68"
"etc206.csv","etc206","1","6","5","gear_etc","useful","True","68"
"etc207.csv","etc207","1","6","5","gear_etc","useful","True","68"
"etc208.csv","etc208","1","6","5","gear_etc","useful","True","68"
"etc209.csv","etc209","1","6","5","gear_etc","useful","True","68"
"etc2g0.csv","etc2g0","31","6","16","gear_etc","useful","True","34377"
"etc2g1.csv","etc2g1","13","6","7","gear_etc","useful","True","14516"
"etc2g2.csv","etc2g2","11","6","9","gear_etc","useful","True","15446"
"etc2g3.csv","etc2g3","11","6","18","gear_etc","useful","True","10709"
"etc2g4.csv","etc2g4","28","6","19","gear_etc","useful","True","27892"
"etc2g5.csv","etc2g5","19","6","2","gear_etc","useful","True","17197"
"etc2g6.csv","etc2g6","20","6","5","gear_etc","useful","True","5884"
"etc2g7.csv","etc2g7","1","6","6","gear_etc","useful","True","70"
"etc2g8.csv","etc2g8","1","6","6","gear_etc","useful","True","70"
"etc2g9.csv","etc2g9","1","6","6","gear_etc","useful","True","70"
"etc2i0.csv","etc2i0","16","6","13","gear_etc","useful","True","15545"
"etc2i1.csv","etc2i1","15","6","24","gear_etc","useful","True","17358"
"etc2i2.csv","etc2i2","31","6","2","gear_etc","useful","True","16908"
"etc2i3.csv","etc2i3","1","6","6","gear_etc","useful","True","70"
"etc2i4.csv","etc2i4","1","6","6","gear_etc","useful","True","70"
"etc2i5.csv","etc2i5","1","6","6","gear_etc","useful","True","70"
"etc2i6.csv","etc2i6","1","6","6","gear_etc","useful","True","70"
"etc2i7.csv","etc2i7","1","6","6","gear_etc","useful","True","70"
"etc2i8.csv","etc2i8","1","6","6","gear_etc","useful","True","70"
"etc2i9.csv","etc2i9","1","6","6","gear_etc","useful","True","70"
"etc2l0.csv","etc2l0","17","6","14","gear_etc","useful","True","13138"
"etc2l1.csv","etc2l1","19","6","11","gear_etc","useful","True","17095"
"etc2l2.csv","etc2l2","21","6","5","gear_etc","useful","True","4466"
"etc2l3.csv","etc2l3","37","6","2","gear_etc","useful","True","22657"
"etc2l4.csv","etc2l4","1","6","6","gear_etc","useful","True","70"
"etc2l5.csv","etc2l5","20","6","2","gear_etc","useful","True","16452"
"etc2l6.csv","etc2l6","1","6","6","gear_etc","useful","True","70"
"etc2l7.csv","etc2l7","1","6","6","gear_etc","useful","True","70"
"etc2l8.csv","etc2l8","1","6","6","gear_etc","useful","True","70"
"etc2l9.csv","etc2l9","1","6","6","gear_etc","useful","True","70"
"etc2u0.csv","etc2u0","15","6","11","gear_etc","useful","True","13080"
"etc2u1.csv","etc2u1","22","6","16","gear_etc","useful","True","29619"
"etc2u2.csv","etc2u2","19","6","2","gear_etc","useful","True","15778"
"etc2u3.csv","etc2u3","1","6","6","gear_etc","useful","True","70"
"etc2u4.csv","etc2u4","1","6","6","gear_etc","useful","True","70"
"etc2u5.csv","etc2u5","26","6","2","gear_etc","useful","True","19272"
"etc2u6.csv","etc2u6","1","6","6","gear_etc","useful","True","70"
"etc2u7.csv","etc2u7","1","6","6","gear_etc","useful","True","70"
"etc2u8.csv","etc2u8","1","6","6","gear_etc","useful","True","70"
"etc2u9.csv","etc2u9","1","6","6","gear_etc","useful","True","70"
"etc303.csv","etc303","24","6","14","gear_etc","useful","True","22495"
"etc304.csv","etc304","144","6","7","gear_etc","useful","True","71332"
"etc3g0.csv","etc3g0","44","6","10","gear_etc","useful","True","39210"
"etc3g1.csv","etc3g1","55","6","21","gear_etc","useful","True","49566"
"etc3g2.csv","etc3g2","46","6","33","gear_etc","useful","True","30080"
"etc3g3.csv","etc3g3","38","6","16","gear_etc","useful","True","30433"
"etc3g4.csv","etc3g4","1","6","6","gear_etc","useful","True","70"
"etc3g5.csv","etc3g5","1","6","6","gear_etc","useful","True","70"
"etc3g6.csv","etc3g6","1","6","6","gear_etc","useful","True","70"
"etc3g7.csv","etc3g7","1","6","6","gear_etc","useful","True","70"
"etc3g8.csv","etc3g8","1","6","6","gear_etc","useful","True","70"
"etc3g9.csv","etc3g9","1","6","6","gear_etc","useful","True","70"
"etc3l0.csv","etc3l0","35","6","14","gear_etc","useful","True","38091"
"etc3l1.csv","etc3l1","50","6","12","gear_etc","useful","True","52591"
"etc3l2.csv","etc3l2","40","6","16","gear_etc","useful","True","45651"
"etc3l3.csv","etc3l3","25","6","21","gear_etc","useful","True","25184"
"etc3l4.csv","etc3l4","1","6","6","gear_etc","useful","True","70"
"etc3l5.csv","etc3l5","1","6","6","gear_etc","useful","True","70"
"etc3l6.csv","etc3l6","1","6","6","gear_etc","useful","True","70"
"etc3l7.csv","etc3l7","1","6","6","gear_etc","useful","True","70"
"etc3l8.csv","etc3l8","1","6","6","gear_etc","useful","True","70"
"etc3l9.csv","etc3l9","1","6","6","gear_etc","useful","True","70"
"etc3u0.csv","etc3u0","39","6","9","gear_etc","useful","True","33419"
"etc3u1.csv","etc3u1","55","6","6","gear_etc","useful","True","48317"
"etc3u2.csv","etc3u2","40","6","29","gear_etc","useful","True","28486"
"etc3u3.csv","etc3u3","36","6","27","gear_etc","useful","True","26171"
"etc3u4.csv","etc3u4","1","6","6","gear_etc","useful","True","70"
"etc3u5.csv","etc3u5","1","6","6","gear_etc","useful","True","70"
"etc3u6.csv","etc3u6","1","6","6","gear_etc","useful","True","70"
"etc3u7.csv","etc3u7","1","6","6","gear_etc","useful","True","70"
"etc3u8.csv","etc3u8","1","6","6","gear_etc","useful","True","70"
"etc3u9.csv","etc3u9","23","6","2","gear_etc","useful","True","12079"
"etc5g0.csv","etc5g0","43","6","25","gear_etc","useful","True","30914"
"etc5g1.csv","etc5g1","30","6","5","gear_etc","useful","True","16317"
"etc5g2.csv","etc5g2","1","6","5","gear_etc","useful","True","68"
"etc5g3.csv","etc5g3","1","6","5","gear_etc","useful","True","68"
"etc5g4.csv","etc5g4","1","6","5","gear_etc","useful","True","68"
"etc5g5.csv","etc5g5","1","6","5","gear_etc","useful","True","68"
"etc5g6.csv","etc5g6","1","6","5","gear_etc","useful","True","68"
"etc5g7.csv","etc5g7","1","6","5","gear_etc","useful","True","68"
"etc5g8.csv","etc5g8","1","6","5","gear_etc","useful","True","68"
"etc5g9.csv","etc5g9","1","6","5","gear_etc","useful","True","68"
"etc5l0.csv","etc5l0","40","6","14","gear_etc","useful","True","26160"
"etc5l1.csv","etc5l1","48","6","5","gear_etc","useful","True","29334"
"etc5l2.csv","etc5l2","37","6","22","gear_etc","useful","True","23872"
"etc5l3.csv","etc5l3","88","6","14","gear_etc","useful","True","46684"
"etc5l4.csv","etc5l4","1","6","5","gear_etc","useful","True","68"
"etc5l5.csv","etc5l5","1","6","5","gear_etc","useful","True","68"
"etc5l6.csv","etc5l6","1","6","5","gear_etc","useful","True","68"
"etc5l7.csv","etc5l7","1","6","5","gear_etc","useful","True","68"
"etc5l8.csv","etc5l8","1","6","5","gear_etc","useful","True","68"
"etc5l9.csv","etc5l9","1","6","5","gear_etc","useful","True","68"
"etc5u0.csv","etc5u0","41","6","16","gear_etc","useful","True","29526"
"etc5u1.csv","etc5u1","31","6","33","gear_etc","useful","True","19027"
"etc5u2.csv","etc5u2","1","6","5","gear_etc","useful","True","68"
"etc5u3.csv","etc5u3","1","6","5","gear_etc","useful","True","68"
"etc5u4.csv","etc5u4","1","6","5","gear_etc","useful","True","68"
"etc5u5.csv","etc5u5","1","6","5","gear_etc","useful","True","68"
"etc5u6.csv","etc5u6","1","6","5","gear_etc","useful","True","68"
"etc5u7.csv","etc5u7","1","6","5","gear_etc","useful","True","68"
"etc5u8.csv","etc5u8","1","6","5","gear_etc","useful","True","68"
"etc5u9.csv","etc5u9","1","6","5","gear_etc","useful","True","68"
"exc200.csv","exc200","73","6","16","gear_class_exc","useful","True","41290"
"exc300.csv","exc300","138","6","22","gear_class_exc","useful","True","78823"
"exc306.csv","exc306","149","6","18","gear_class_exc","useful","True","84671"
"exc400.csv","exc400","168","6","11","gear_class_exc","useful","True","53769"
"exc500.csv","exc500","74","6","7","gear_class_exc","useful","True","25338"
"exc506.csv","exc506","67","6","10","gear_class_exc","useful","True","20282"
"exp_BPCost.csv","exp_BPCost","29","5","5","player_meta","critical","False","494"
"facility.csv","facility","6","10","7","facility","critical","False","191"
"fsh200.csv","fsh200","54","6","10","gear_class_fsh","useful","True","46009"
"fsh300.csv","fsh300","148","6","23","gear_class_fsh","useful","True","88121"
"fsh306.csv","fsh306","100","6","18","gear_class_fsh","useful","True","72131"
"fsh400.csv","fsh400","76","6","7","gear_class_fsh","useful","True","28232"
"fsh500.csv","fsh500","48","6","11","gear_class_fsh","useful","True","16682"
"fsh506.csv","fsh506","56","6","12","gear_class_fsh","useful","True","24400"
"gameCommand.csv","gameCommand","1611","141","51","command","critical","False","380502"
"gameCommandBasic.csv","gameCommandBasic","1611","121","10","command","critical","False","232374"
"gcg101.csv","gcg101","1","6","6","gear_grandcompany","useful","True","70"
"gcg102.csv","gcg102","117","6","137","gear_grandcompany","useful","True","81078"
"gcg103.csv","gcg103","78","6","30","gear_grandcompany","useful","True","37104"
"gcg104.csv","gcg104","1","6","5","gear_grandcompany","useful","True","68"
"gcg105.csv","gcg105","1","6","5","gear_grandcompany","useful","True","68"
"gcg106.csv","gcg106","1","6","5","gear_grandcompany","useful","True","68"
"gcg107.csv","gcg107","1","6","5","gear_grandcompany","useful","True","68"
"gcg301.csv","gcg301","25","6","8","gear_grandcompany","useful","True","30541"
"gcg302.csv","gcg302","37","6","84","gear_grandcompany","useful","True","34994"
"gcg303.csv","gcg303","39","6","2","gear_grandcompany","useful","True","28348"
"gcg304.csv","gcg304","75","6","175","gear_grandcompany","useful","True","80016"
"gcg305.csv","gcg305","27","6","20","gear_grandcompany","useful","True","25888"
"gcg501.csv","gcg501","1","6","6","gear_grandcompany","useful","True","70"
"gcg502.csv","gcg502","1","6","6","gear_grandcompany","useful","True","70"
"gcg601.csv","gcg601","1","6","6","gear_grandcompany","useful","True","73"
"gcg602.csv","gcg602","1","6","6","gear_grandcompany","useful","True","73"
"gcg603.csv","gcg603","1","6","6","gear_grandcompany","useful","True","73"
"gcg701.csv","gcg701","501","6","5","gear_grandcompany","useful","True","50895"
"gcg702.csv","gcg702","30","6","83","gear_grandcompany","useful","True","21160"
"gcl101.csv","gcl101","179","6","7","gear_grandcompany","useful","True","185368"
"gcl102.csv","gcl102","103","6","132","gear_grandcompany","useful","True","81017"
"gcl103.csv","gcl103","63","6","121","gear_grandcompany","useful","True","32211"
"gcl104.csv","gcl104","262","6","25","gear_grandcompany","useful","True","170510"
"gcl105.csv","gcl105","396","6","118","gear_grandcompany","useful","True","243394"
"gcl106.csv","gcl106","212","6","9","gear_grandcompany","useful","True","133301"
"gcl107.csv","gcl107","307","6","134","gear_grandcompany","useful","True","163671"
"gcl301.csv","gcl301","28","6","19","gear_grandcompany","useful","True","29164"
"gcl302.csv","gcl302","23","6","16","gear_grandcompany","useful","True","20190"
"gcl303.csv","gcl303","30","6","2","gear_grandcompany","useful","True","24155"
"gcl304.csv","gcl304","49","6","12","gear_grandcompany","useful","True","62935"
"gcl305.csv","gcl305","21","6","14","gear_grandcompany","useful","True","16858"
"gcl501.csv","gcl501","1","6","6","gear_grandcompany","useful","True","70"
"gcl502.csv","gcl502","1","6","6","gear_grandcompany","useful","True","70"
"gcl601.csv","gcl601","1","6","6","gear_grandcompany","useful","True","73"
"gcl602.csv","gcl602","1","6","6","gear_grandcompany","useful","True","73"
"gcl603.csv","gcl603","1","6","6","gear_grandcompany","useful","True","73"
"gcl701.csv","gcl701","54","6","47","gear_grandcompany","useful","True","40955"
"gcl702.csv","gcl702","28","6","96","gear_grandcompany","useful","True","20314"
"gcRank.csv","gcRank","22","10","7","player_meta","critical","False","760"
"gcSealShopItem.csv","gcSealShopItem","402","10","10","shop","critical","False","14293"
"gcu101.csv","gcu101","1","6","6","gear_grandcompany","useful","True","70"
"gcu102.csv","gcu102","88","6","133","gear_grandcompany","useful","True","62233"
"gcu103.csv","gcu103","48","6","94","gear_grandcompany","useful","True","32593"
"gcu104.csv","gcu104","1","6","5","gear_grandcompany","useful","True","68"
"gcu105.csv","gcu105","1","6","5","gear_grandcompany","useful","True","68"
"gcu106.csv","gcu106","1","6","5","gear_grandcompany","useful","True","68"
"gcu107.csv","gcu107","1","6","5","gear_grandcompany","useful","True","68"
"gcu301.csv","gcu301","25","6","15","gear_grandcompany","useful","True","35543"
"gcu302.csv","gcu302","55","6","19","gear_grandcompany","useful","True","46727"
"gcu303.csv","gcu303","32","6","2","gear_grandcompany","useful","True","23144"
"gcu304.csv","gcu304","59","6","46","gear_grandcompany","useful","True","54718"
"gcu305.csv","gcu305","31","6","23","gear_grandcompany","useful","True","20370"
"gcu501.csv","gcu501","1","6","6","gear_grandcompany","useful","True","70"
"gcu502.csv","gcu502","1","6","6","gear_grandcompany","useful","True","70"
"gcu601.csv","gcu601","1","6","6","gear_grandcompany","useful","True","73"
"gcu602.csv","gcu602","1","6","6","gear_grandcompany","useful","True","73"
"gcu603.csv","gcu603","1","6","6","gear_grandcompany","useful","True","73"
"gcu701.csv","gcu701","54","6","142","gear_grandcompany","useful","True","42556"
"gcu702.csv","gcu702","30","6","45","gear_grandcompany","useful","True","21157"
"gimmickExitRect.csv","gimmickExitRect","6","6","16","event_object","critical","True","1243"
"gimmickPoisonCure.csv","gimmickPoisonCure","6","6","6","event_object","critical","True","1037"
"gimmickTerminal.csv","gimmickTerminal","2","6","5","event_object","critical","True","422"
"gimmickWarp.csv","gimmickWarp","9","6","5","event_object","critical","True","1287"
"gla200.csv","gla200","69","6","8","gear_class_gla","useful","True","42851"
"gla300.csv","gla300","177","6","12","gear_class_gla","useful","True","95431"
"gla306.csv","gla306","120","6","22","gear_class_gla","useful","True","62892"
"gla400.csv","gla400","92","6","7","gear_class_gla","useful","True","29033"
"gla500.csv","gla500","62","6","6","gear_class_gla","useful","True","9965"
"gla506.csv","gla506","57","6","6","gear_class_gla","useful","True","9422"
"gld200.csv","gld200","102","6","8","gear_class_gld","useful","True","59387"
"gld300.csv","gld300","113","6","25","gear_class_gld","useful","True","73987"
"gld306.csv","gld306","78","6","27","gear_class_gld","useful","True","47897"
"gld400.csv","gld400","60","6","5","gear_class_gld","useful","True","15443"
"gld500.csv","gld500","102","6","3","gear_class_gld","useful","True","13323"
"gld506.csv","gld506","63","6","3","gear_class_gld","useful","True","9982"
"guildleve.csv","guildleve","624","64","27","guildleve","critical","False","81507"
"guildleve_UI.csv","guildleve_UI","624","80","5","guildleve","critical","False","67473"
"guildlevePack.csv","guildlevePack","107","2","2","guildleve","critical","False","1202"
"guildleveWarpPoint.csv","guildleveWarpPoint","5","6","6","guildleve","critical","True","1119"
"hamletDefScore(2).csv","hamletDefScore(2)","78","8","7","hamlet","critical","True","11179"
"hamletDefScore.csv","hamletDefScore","75","3","3","hamlet","critical","False","1258"
"harvestJudge.csv","harvestJudge","75","6","10","craft_harvest","critical","True","44804"
"hrv200.csv","hrv200","64","6","22","gear_class_hrv","useful","True","40368"
"hrv300.csv","hrv300","104","6","25","gear_class_hrv","useful","True","84325"
"hrv306.csv","hrv306","118","6","22","gear_class_hrv","useful","True","67862"
"hrv400.csv","hrv400","36","6","7","gear_class_hrv","useful","True","10199"
"hrv500.csv","hrv500","25","6","11","gear_class_hrv","useful","True","11047"
"hrv506.csv","hrv506","87","6","9","gear_class_hrv","useful","True","29711"
"instanceRaidGuideAurumVale.csv","instanceRaidGuideAurumVale","20","6","12","instance_content","critical","True","14822"
"instanceRaidGuideCuttersCry.csv","instanceRaidGuideCuttersCry","30","6","14","instance_content","critical","True","27069"
"InstanceRaidHamletDefense.csv","InstanceRaidHamletDefense","28","6","4","instance_content","critical","True","14052"
"itemColor.csv","itemColor","511","6","2","item","critical","False","6153"
"itemData.csv","itemData","8403","142","26","item","critical","False","1643163"
"itemGcExSupply.csv","itemGcExSupply","79","3","3","item","critical","False","1469"
"itemHamletSupply.csv","itemHamletSupply","33","4","4","item","critical","False","692"
"key_config(2).csv","key_config(2)","142","16","40","gear_other","useful","True","20575"
"key_config.csv","key_config","310","17","47","gear_other","useful","True","62908"
"key_config2.csv","key_config2","170","17","17","gear_other","useful","True","20236"
"key_config3.csv","key_config3","310","17","47","gear_other","useful","True","63223"
"lnc200.csv","lnc200","68","6","6","gear_class_lnc","useful","True","40328"
"lnc300.csv","lnc300","160","6","18","gear_class_lnc","useful","True","105733"
"lnc306.csv","lnc306","110","6","19","gear_class_lnc","useful","True","63621"
"lnc400.csv","lnc400","98","6","5","gear_class_lnc","useful","True","26821"
"lnc500.csv","lnc500","93","6","7","gear_class_lnc","useful","True","25015"
"lnc506.csv","lnc506","89","6","6","gear_class_lnc","useful","True","12874"
"man0g0.csv","man0g0","79","6","7","gear_other","useful","True","27575"
"man0g1.csv","man0g1","366","6","16","gear_other","useful","True","201610"
"man0l0.csv","man0l0","98","6","6","gear_other","useful","True","44004"
"man0l1.csv","man0l1","315","6","16","gear_other","useful","True","213900"
"man0u0.csv","man0u0","109","6","10","gear_other","useful","True","42898"
"man0u1.csv","man0u1","360","6","12","gear_other","useful","True","210135"
"man1g0.csv","man1g0","229","6","7","gear_other","useful","True","120660"
"man1l0.csv","man1l0","199","6","11","gear_other","useful","True","116856"
"man1u0.csv","man1u0","224","6","8","gear_other","useful","True","125601"
"man200.csv","man200","304","6","22","gear_other","useful","True","193622"
"man206.csv","man206","372","6","29","gear_other","useful","True","206778"
"man2g0.csv","man2g0","280","6","14","gear_other","useful","True","120792"
"man2l0.csv","man2l0","151","6","16","gear_other","useful","True","73591"
"man2u0.csv","man2u0","181","6","18","gear_other","useful","True","73705"
"man300.csv","man300","364","6","20","gear_other","useful","True","191600"
"man304.csv","man304","297","6","14","gear_other","useful","True","185063"
"man308.csv","man308","390","6","11","gear_other","useful","True","225033"
"man402.csv","man402","161","6","6","gear_other","useful","True","94335"
"man406.csv","man406","292","6","8","gear_other","useful","True","137585"
"man502.csv","man502","425","6","5","gear_other","useful","True","32489"
"man504.csv","man504","326","6","2","gear_other","useful","True","18356"
"mapNavi_data.csv","mapNavi_data","427","19","19","map","critical","False","33216"
"mapObjPortDoor.csv","mapObjPortDoor","9","6","9","map","critical","True","2773"
"marketItem.csv","marketItem","20","30","30","shop","critical","False","2157"
"materia.csv","materia","66","81","81","item","critical","False","24910"
"materiaBook.csv","materiaBook","52","6","6","item","critical","True","33536"
"memberRank.csv","memberRank","5","7","7","player_meta","critical","False","216"
"min200.csv","min200","108","6","6","gear_class_min","useful","True","60472"
"min300.csv","min300","157","6","27","gear_class_min","useful","True","81520"
"min306.csv","min306","145","6","25","gear_class_min","useful","True","69806"
"min400.csv","min400","59","6","5","gear_class_min","useful","True","12908"
"min500.csv","min500","87","6","3","gear_class_min","useful","True","12341"
"min506.csv","min506","65","6","3","gear_class_min","useful","True","9373"
"mnk0j1.csv","mnk0j1","57","6","19","gear_class_mnk","useful","True","44098"
"mnk0j2.csv","mnk0j2","43","6","24","gear_class_mnk","useful","True","29807"
"mnk0j3.csv","mnk0j3","61","6","11","gear_class_mnk","useful","True","41920"
"mnk0j4.csv","mnk0j4","33","6","7","gear_class_mnk","useful","True","28847"
"mnk0j5.csv","mnk0j5","40","6","7","gear_class_mnk","useful","True","23976"
"mnk0j6.csv","mnk0j6","100","6","11","gear_class_mnk","useful","True","49538"
"mnk0j7.csv","mnk0j7","1","6","5","gear_class_mnk","useful","True","68"
"mnk0j8.csv","mnk0j8","1","6","5","gear_class_mnk","useful","True","68"
"mnk0j9.csv","mnk0j9","1","6","5","gear_class_mnk","useful","True","68"
"mnk1j0.csv","mnk1j0","1","6","5","gear_class_mnk","useful","True","68"
"negotiationItem.csv","negotiationItem","50","4","2","item","critical","False","604"
"noc000.csv","noc000","99","6","5","gear_neck","useful","True","125193"
"noc001.csv","noc001","68","6","6","gear_neck","useful","True","55690"
"noc002.csv","noc002","93","6","36","gear_neck","useful","True","67481"
"noc003.csv","noc003","130","6","5","gear_neck","useful","True","112070"
"objectBed.csv","objectBed","15","6","5","event_object","critical","True","2985"
"objectEventDoor.csv","objectEventDoor","3","6","6","event_object","critical","True","204"
"objectItemStorage.csv","objectItemStorage","13","6","5","item","critical","True","3169"
"occupancyGuideStandard.csv","occupancyGuideStandard","57","6","6","event_object","critical","True","9079"
"ordinaryRetainer.csv","ordinaryRetainer","999","6","12","retainer","critical","True","197257"
"passiveGL_craft.csv","passiveGL_craft","169","45","34","guildleve","critical","False","27143"
"passiveGL_icon.csv","passiveGL_icon","169","7","4","guildleve","critical","False","4934"
"passiveGL_type.csv","passiveGL_type","5","9","9","guildleve","critical","False","149"
"pgAeth.csv","pgAeth","220","6","10","passive_guildleve","critical","True","102578"
"pgConv.csv","pgConv","372","6","11","passive_guildleve","critical","True","178915"
"pgHaml.csv","pgHaml","1","6","6","passive_guildleve","critical","True","70"
"pgHarvestPointEncounter.csv","pgHarvestPointEncounter","9","5","11","passive_guildleve","critical","True","6319"
"pgl200.csv","pgl200","136","6","13","passive_guildleve","critical","True","74653"
"pgl300.csv","pgl300","114","6","16","passive_guildleve","critical","True","66177"
"pgl306.csv","pgl306","103","6","28","passive_guildleve","critical","True","57684"
"pgl400.csv","pgl400","94","6","9","passive_guildleve","critical","True","21644"
"pgl500.csv","pgl500","111","6","6","passive_guildleve","critical","True","13493"
"pgl506.csv","pgl506","90","6","6","passive_guildleve","critical","True","13121"
"pld0j1.csv","pld0j1","49","6","10","gear_class_pld","useful","True","39787"
"pld0j2.csv","pld0j2","22","6","11","gear_class_pld","useful","True","19628"
"pld0j3.csv","pld0j3","19","6","9","gear_class_pld","useful","True","19094"
"pld0j4.csv","pld0j4","15","6","10","gear_class_pld","useful","True","15005"
"pld0j5.csv","pld0j5","30","6","8","gear_class_pld","useful","True","18000"
"pld0j6.csv","pld0j6","54","6","9","gear_class_pld","useful","True","35628"
"pld0j7.csv","pld0j7","1","6","5","gear_class_pld","useful","True","68"
"pld0j8.csv","pld0j8","1","6","5","gear_class_pld","useful","True","68"
"pld0j9.csv","pld0j9","1","6","5","gear_class_pld","useful","True","68"
"pld1j0.csv","pld1j0","1","6","5","gear_class_pld","useful","True","68"
"populace.csv","populace","4208","67","2","npc_populace","critical","True","416666"
"populaceAchievement.csv","populaceAchievement","123","6","16","npc_populace","critical","True","102957"
"populaceBlackMarketeer.csv","populaceBlackMarketeer","19","6","8","npc_populace","critical","True","10652"
"populaceBountyPresenter.csv","populaceBountyPresenter","35","6","13","npc_populace","critical","True","24015"
"populaceBranchsVendor.csv","populaceBranchsVendor","28","6","6","npc_populace","critical","True","10172"
"populaceCampMaster.csv","populaceCampMaster","71","6","23","npc_populace","critical","True","47144"
"populaceCampSubMaster.csv","populaceCampSubMaster","61","6","17","npc_populace","critical","True","39617"
"populaceCaravanAdviser.csv","populaceCaravanAdviser","17","6","9","npc_populace","critical","True","12435"
"populaceCaravanGuide.csv","populaceCaravanGuide","43","6","39","npc_populace","critical","True","33877"
"populaceCaravanManager.csv","populaceCaravanManager","64","6","31","npc_populace","critical","True","55533"
"populaceChocoboLender.csv","populaceChocoboLender","109","6","36","npc_populace","critical","True","81772"
"populaceCompanyBuffer.csv","populaceCompanyBuffer","16","6","39","npc_populace","critical","True","13423"
"populaceCompanyGLPublisher.csv","populaceCompanyGLPublisher","42","6","24","npc_populace","critical","True","31430"
"populaceCompanyGuide.csv","populaceCompanyGuide","71","6","12","npc_populace","critical","True","65573"
"populaceCompanyOfficer.csv","populaceCompanyOfficer","88","6","20","npc_populace","critical","True","80203"
"populaceCompanyShop.csv","populaceCompanyShop","140","6","16","npc_populace","critical","True","119877"
"populaceCompanySupply.csv","populaceCompanySupply","7","6","2","npc_populace","critical","True","6691"
"populaceCompanyWarp.csv","populaceCompanyWarp","97","6","10","npc_populace","critical","True","35169"
"populaceCutScenePlayer.csv","populaceCutScenePlayer","101","6","4","npc_populace","critical","True","12464"
"populaceFactionGLWorker.csv","populaceFactionGLWorker","356","6","17","npc_populace","critical","True","254760"
"populaceFlyingShip.csv","populaceFlyingShip","31","6","20","npc_populace","critical","True","11592"
"populaceGLKeyPerson.csv","populaceGLKeyPerson","32","6","9","npc_populace","critical","True","28362"
"populaceGMEventSage.csv","populaceGMEventSage","14","6","10","npc_populace","critical","True","8612"
"populaceGMEventSageCryer.csv","populaceGMEventSageCryer","12","6","7","npc_populace","critical","True","10356"
"populaceGMEventTelepoGateIn.csv","populaceGMEventTelepoGateIn","5","6","7","npc_populace","critical","True","1118"
"populaceGMEventTelepoGateOut.csv","populaceGMEventTelepoGateOut","4","6","14","npc_populace","critical","True","810"
"populaceGMEventTelepoLure.csv","populaceGMEventTelepoLure","4","6","6","npc_populace","critical","True","2874"
"populaceGMEventTelepoReception.csv","populaceGMEventTelepoReception","21","6","8","npc_populace","critical","True","9731"
"populaceGMEventTelepoTownCryer.csv","populaceGMEventTelepoTownCryer","4","6","11","npc_populace","critical","True","4182"
"populaceGMEventTownReporter.csv","populaceGMEventTownReporter","24","6","7","npc_populace","critical","True","20958"
"populaceGuildlevePublisher.csv","populaceGuildlevePublisher","119","6","7","npc_populace","critical","True","98338"
"populaceGuildShop.csv","populaceGuildShop","129","6","6","npc_populace","critical","True","104091"
"populaceHalloweenTrans.csv","populaceHalloweenTrans","751","6","6","npc_populace","critical","True","47789"
"populaceHamletBreeder.csv","populaceHamletBreeder","22","6","15","npc_populace","critical","True","15213"
"PopulaceHamletCaptain.csv","PopulaceHamletCaptain","39","6","5","npc_populace","critical","True","20145"
"populaceHamletPushEvent.csv","populaceHamletPushEvent","51","6","6","npc_populace","critical","True","43386"
"populaceHamletSupply.csv","populaceHamletSupply","2","6","39","npc_populace","critical","True","1764"
"populaceItemRepairer.csv","populaceItemRepairer","102","6","6","npc_populace","critical","True","45723"
"populaceLinkshellManager.csv","populaceLinkshellManager","132","6","18","npc_populace","critical","True","35435"
"populaceMenuMan.csv","populaceMenuMan","1","6","6","npc_populace","critical","True","85"
"populaceNMReward.csv","populaceNMReward","83","6","15","npc_populace","critical","True","121533"
"populaceNMRushGuide.csv","populaceNMRushGuide","34","6","4","npc_populace","critical","True","12429"
"populacePassiveGLPublisher.csv","populacePassiveGLPublisher","33","6","45","npc_populace","critical","True","16088"
"populaceRequestWarden.csv","populaceRequestWarden","147","6","23","npc_populace","critical","True","90362"
"populaceRetainerManager.csv","populaceRetainerManager","178","6","20","npc_populace","critical","True","60823"
"populaceShopMateriaRemover.csv","populaceShopMateriaRemover","25","6","6","npc_populace","critical","True","20806"
"populaceShopSalesman.csv","populaceShopSalesman","501","6","4","npc_populace","critical","True","173095"
"populaceSpecialEventCryer.csv","populaceSpecialEventCryer","49","6","15","npc_populace","critical","True","41013"
"populaceSumFes.csv","populaceSumFes","49","6","17","npc_populace","critical","True","56775"
"populaceSwimSuit2011.csv","populaceSwimSuit2011","38","6","11","npc_populace","critical","True","29644"
"populaceTownCryer.csv","populaceTownCryer","183","6","12","npc_populace","critical","True","109530"
"populaceValentMaster.csv","populaceValentMaster","117","6","40","npc_populace","critical","True","55116"
"populaceWaveAttack.csv","populaceWaveAttack","22","6","10","npc_populace","critical","True","11136"
"populaceWaveAttackCryer.csv","populaceWaveAttackCryer","107","6","8","npc_populace","critical","True","83423"
"populaceYukata.csv","populaceYukata","34","6","19","npc_populace","critical","True","15150"
"privateGLBattleSweepEpic.csv","privateGLBattleSweepEpic","2","6","5","guildleve","critical","True","100"
"privateGLBattleSweepEpicInTime.csv","privateGLBattleSweepEpicInTime","5","6","7","guildleve","critical","True","1663"
"privateGLBattleSweepEscort.csv","privateGLBattleSweepEscort","16","6","6","guildleve","critical","True","5421"
"quest.csv","quest","735","57","8","quest","critical","False","66314"
"quest_marker.csv","quest_marker","7889","15","14","quest","critical","True","875512"
"quest_new_reward.csv","quest_new_reward","500","209","209","quest","critical","False","327305"
"quest_reward.csv","quest_reward","1264","7","7","quest","critical","False","37285"
"questcategory.csv","questcategory","48","3","3","quest","critical","False","444"
"raidDungeonBarrier.csv","raidDungeonBarrier","4","6","6","instance_content","critical","True","470"
"raidDungeonExit.csv","raidDungeonExit","9","6","19","instance_content","critical","True","2000"
"raidDungeonLight.csv","raidDungeonLight","3","6","6","instance_content","critical","True","304"
"raidDungeonPoster.csv","raidDungeonPoster","10","6","11","instance_content","critical","True","9970"
"raidDungeonWarp.csv","raidDungeonWarp","4","6","6","instance_content","critical","True","573"
"raidFst0Dungeon03.csv","raidFst0Dungeon03","7","6","6","instance_content","critical","True","427"
"raidFst0Dungeon03Guide.csv","raidFst0Dungeon03Guide","60","6","16","instance_content","critical","True","39176"
"raidRoc0Dungeon01Guide.csv","raidRoc0Dungeon01Guide","60","6","16","instance_content","critical","True","38641"
"recipe.csv","recipe","7","16","2","craft_harvest","critical","False","276"
"regionParam.csv","regionParam","6","4","4","zone","critical","False","114"
"request.csv","request","103","25","17","request_leve","critical","False","6459"
"shopBase.csv","shopBase","240","3","3","shop","critical","False","5152"
"shopItem.csv","shopItem","2543","4","4","shop","critical","False","54478"
"spl000.csv","spl000","62","6","16","gear_spellcraft","useful","True","49240"
"spl0g1.csv","spl0g1","32","6","13","gear_spellcraft","useful","True","33867"
"spl0g2.csv","spl0g2","47","6","14","gear_spellcraft","useful","True","58383"
"spl0g3.csv","spl0g3","1","6","6","gear_spellcraft","useful","True","70"
"spl0g4.csv","spl0g4","1","6","6","gear_spellcraft","useful","True","70"
"spl0g5.csv","spl0g5","1","6","6","gear_spellcraft","useful","True","70"
"spl0i1.csv","spl0i1","105","6","13","gear_spellcraft","useful","True","128583"
"spl0i2.csv","spl0i2","90","6","2","gear_spellcraft","useful","True","64776"
"spl0i3.csv","spl0i3","78","6","2","gear_spellcraft","useful","True","58826"
"spl0i4.csv","spl0i4","71","6","2","gear_spellcraft","useful","True","50846"
"spl0i5.csv","spl0i5","1","6","6","gear_spellcraft","useful","True","70"
"spl0l1.csv","spl0l1","30","6","12","gear_spellcraft","useful","True","33582"
"spl0l2.csv","spl0l2","45","6","10","gear_spellcraft","useful","True","59605"
"spl0l3.csv","spl0l3","1","6","6","gear_spellcraft","useful","True","70"
"spl0l4.csv","spl0l4","1","6","6","gear_spellcraft","useful","True","70"
"spl0l5.csv","spl0l5","1","6","6","gear_spellcraft","useful","True","70"
"spl0u1.csv","spl0u1","32","6","16","gear_spellcraft","useful","True","34977"
"spl0u2.csv","spl0u2","46","6","13","gear_spellcraft","useful","True","57100"
"spl0u3.csv","spl0u3","1","6","6","gear_spellcraft","useful","True","70"
"spl0u4.csv","spl0u4","1","6","6","gear_spellcraft","useful","True","70"
"spl0u5.csv","spl0u5","1","6","6","gear_spellcraft","useful","True","70"
"spl101.csv","spl101","203","6","11","gear_spellcraft","useful","True","94883"
"spl102.csv","spl102","129","6","17","gear_spellcraft","useful","True","77199"
"spl103.csv","spl103","1","6","5","gear_spellcraft","useful","True","68"
"status.csv","status","399","60","13","player_meta","critical","False","43900"
"sum6a0.csv","sum6a0","40","6","12","gear_other","useful","True","57729"
"sum6g0.csv","sum6g0","45","6","19","gear_other","useful","True","44854"
"sum6m0.csv","sum6m0","98","6","2","gear_other","useful","True","84554"
"sum6w0.csv","sum6w0","28","6","83","gear_other","useful","True","14724"
"sum7l0.csv","sum7l0","1","6","6","gear_other","useful","True","65"
"sum7t0.csv","sum7t0","1","6","6","gear_other","useful","True","65"
"sum8a0.csv","sum8a0","1","6","6","gear_other","useful","True","65"
"sum8l0.csv","sum8l0","1","6","6","gear_other","useful","True","65"
"sum8t0.csv","sum8t0","1","6","6","gear_other","useful","True","65"
"tan200.csv","tan200","115","6","9","gear_other","useful","True","68950"
"tan300.csv","tan300","106","6","21","gear_other","useful","True","69435"
"tan306.csv","tan306","141","6","10","gear_other","useful","True","117049"
"tan400.csv","tan400","60","6","8","gear_other","useful","True","20865"
"tan500.csv","tan500","28","6","8","gear_other","useful","True","11244"
"tan506.csv","tan506","68","6","7","gear_other","useful","True","12048"
"test_a-ohta__test.csv","test_a-ohta__test","10","4","4","system","later","True","184"
"test_sample_clientSheet.csv","test_sample_clientSheet","5","4","4","system","later","True","186"
"thm200.csv","thm200","71","6","12","gear_class_thm","useful","True","40445"
"thm300.csv","thm300","104","6","20","gear_class_thm","useful","True","68792"
"thm306.csv","thm306","87","6","26","gear_class_thm","useful","True","48006"
"thm400.csv","thm400","69","6","8","gear_class_thm","useful","True","18198"
"thm500.csv","thm500","1","6","6","gear_class_thm","useful","True","65"
"thm506.csv","thm506","1","6","6","gear_class_thm","useful","True","65"
"tribe.csv","tribe","16","4","4","player_meta","critical","False","174"
"trl0g1.csv","trl0g1","15","6","13","gear_other","useful","True","9863"
"trl0l1.csv","trl0l1","15","6","12","gear_other","useful","True","9059"
"trl0l2.csv","trl0l2","1","6","6","gear_other","useful","True","65"
"trl0l3.csv","trl0l3","13","6","8","gear_other","useful","True","3675"
"trl0l4.csv","trl0l4","1","6","6","gear_other","useful","True","65"
"trl0u1.csv","trl0u1","16","6","12","gear_other","useful","True","8919"
"var_equip.csv","var_equip","32277","112","112","gear_variants","cosmetic","False","17411480"
"var_tex_path.csv","var_tex_path","29","26","26","gear_variants","cosmetic","False","1772"
"var_wep.csv","var_wep","1437","205","205","gear_variants","cosmetic","False","1882496"
"war0j1.csv","war0j1","41","6","17","gear_class_war","useful","True","33161"
"war0j2.csv","war0j2","18","6","12","gear_class_war","useful","True","15333"
"war0j3.csv","war0j3","33","6","15","gear_class_war","useful","True","20913"
"war0j4.csv","war0j4","15","6","7","gear_class_war","useful","True","11844"
"war0j5.csv","war0j5","16","6","14","gear_class_war","useful","True","13402"
"war0j6.csv","war0j6","41","6","12","gear_class_war","useful","True","24306"
"war0j7.csv","war0j7","1","6","5","gear_class_war","useful","True","68"
"war0j8.csv","war0j8","1","6","5","gear_class_war","useful","True","68"
"war0j9.csv","war0j9","1","6","5","gear_class_war","useful","True","68"
"war1j0.csv","war1j0","1","6","5","gear_class_war","useful","True","68"
"wdk200.csv","wdk200","98","6","14","gear_class_wdk","useful","True","53889"
"wdk300.csv","wdk300","162","6","19","gear_class_wdk","useful","True","81948"
"wdk306.csv","wdk306","147","6","28","gear_class_wdk","useful","True","75775"
"wdk400.csv","wdk400","74","6","7","gear_class_wdk","useful","True","16251"
"wdk500.csv","wdk500","64","6","7","gear_class_wdk","useful","True","16801"
"wdk506.csv","wdk506","87","6","9","gear_class_wdk","useful","True","17274"
"weapon.csv","weapon","1161","143","24","item","critical","False","207000"
"whm0j1.csv","whm0j1","50","6","16","gear_class_whm","useful","True","40442"
"whm0j2.csv","whm0j2","50","6","14","gear_class_whm","useful","True","24504"
"whm0j3.csv","whm0j3","28","6","10","gear_class_whm","useful","True","18731"
"whm0j4.csv","whm0j4","64","6","12","gear_class_whm","useful","True","39870"
"whm0j5.csv","whm0j5","49","6","8","gear_class_whm","useful","True","32470"
"whm0j6.csv","whm0j6","60","6","11","gear_class_whm","useful","True","32155"
"whm0j7.csv","whm0j7","1","6","5","gear_class_whm","useful","True","68"
"whm0j8.csv","whm0j8","1","6","5","gear_class_whm","useful","True","68"
"whm0j9.csv","whm0j9","1","6","5","gear_class_whm","useful","True","68"
"whm1j0.csv","whm1j0","1","6","5","gear_class_whm","useful","True","68"
"wld0g1.csv","wld0g1","19","6","14","gear_world","useful","True","22270"
"wld0g2.csv","wld0g2","29","6","14","gear_world","useful","True","25752"
"wld0g3.csv","wld0g3","24","6","9","gear_world","useful","True","24429"
"wld0g4.csv","wld0g4","20","6","21","gear_world","useful","True","23755"
"wld0g5.csv","wld0g5","1","6","6","gear_world","useful","True","70"
"wld0g6.csv","wld0g6","1","6","6","gear_world","useful","True","70"
"wld0g7.csv","wld0g7","1","6","6","gear_world","useful","True","70"
"wld0g8.csv","wld0g8","1","6","6","gear_world","useful","True","70"
"wld0g9.csv","wld0g9","1","6","6","gear_world","useful","True","70"
"wld0i1.csv","wld0i1","1","6","6","gear_world","useful","True","70"
"wld0i2.csv","wld0i2","1","6","6","gear_world","useful","True","70"
"wld0i3.csv","wld0i3","1","6","6","gear_world","useful","True","70"
"wld0i4.csv","wld0i4","1","6","6","gear_world","useful","True","70"
"wld0i5.csv","wld0i5","1","6","6","gear_world","useful","True","70"
"wld0i6.csv","wld0i6","1","6","6","gear_world","useful","True","70"
"wld0i7.csv","wld0i7","1","6","6","gear_world","useful","True","70"
"wld0i8.csv","wld0i8","1","6","6","gear_world","useful","True","70"
"wld0i9.csv","wld0i9","1","6","6","gear_world","useful","True","70"
"wld0l1.csv","wld0l1","21","6","8","gear_world","useful","True","19008"
"wld0l2.csv","wld0l2","31","6","9","gear_world","useful","True","24546"
"wld0l3.csv","wld0l3","16","6","12","gear_world","useful","True","14560"
"wld0l4.csv","wld0l4","24","6","15","gear_world","useful","True","24782"
"wld0l5.csv","wld0l5","1","6","6","gear_world","useful","True","70"
"wld0l6.csv","wld0l6","1","6","6","gear_world","useful","True","70"
"wld0l7.csv","wld0l7","1","6","6","gear_world","useful","True","70"
"wld0l8.csv","wld0l8","1","6","6","gear_world","useful","True","70"
"wld0l9.csv","wld0l9","1","6","6","gear_world","useful","True","70"
"wld0u1.csv","wld0u1","22","6","15","gear_world","useful","True","18971"
"wld0u2.csv","wld0u2","18","6","23","gear_world","useful","True","18631"
"wld0u3.csv","wld0u3","19","6","12","gear_world","useful","True","16942"
"wld0u4.csv","wld0u4","18","6","21","gear_world","useful","True","20429"
"wld0u5.csv","wld0u5","1","6","6","gear_world","useful","True","70"
"wld0u6.csv","wld0u6","1","6","6","gear_world","useful","True","70"
"wld0u7.csv","wld0u7","1","6","6","gear_world","useful","True","70"
"wld0u8.csv","wld0u8","1","6","6","gear_world","useful","True","70"
"wld0u9.csv","wld0u9","1","6","6","gear_world","useful","True","70"
"wld1g0.csv","wld1g0","1","6","6","gear_world","useful","True","70"
"wld1i0.csv","wld1i0","1","6","6","gear_world","useful","True","70"
"wld1l0.csv","wld1l0","1","6","6","gear_world","useful","True","70"
"wld1u0.csv","wld1u0","1","6","6","gear_world","useful","True","70"
"worldMaster.csv","worldMaster","2321","7","31","text_localization","useful","True","1524851"
"wvr200.csv","wvr200","79","6","14","gear_class_wvr","useful","True","46254"
"wvr300.csv","wvr300","101","6","18","gear_class_wvr","useful","True","58055"
"wvr306.csv","wvr306","92","6","21","gear_class_wvr","useful","True","56539"
"wvr400.csv","wvr400","81","6","6","gear_class_wvr","useful","True","16734"
"wvr500.csv","wvr500","46","6","8","gear_class_wvr","useful","True","13986"
"wvr506.csv","wvr506","55","6","6","gear_class_wvr","useful","True","7878"
"xtx__fixedPhrase.csv","xtx__fixedPhrase","758","13","13","text_localization","useful","True","79640"
"xtx__subCommand.csv","xtx__subCommand","90","6","6","text_localization","useful","True","3446"
"xtx__text_error(2).csv","xtx__text_error(2)","85","8","5","text_localization","useful","True","30171"
"xtx__text_error.csv","xtx__text_error","90","9","6","text_localization","useful","True","39666"
"xtx__text_ui(2).csv","xtx__text_ui(2)","1821","5","13","text_localization","useful","True","353732"
"xtx__text_ui.csv","xtx__text_ui","4355","6","16","text_localization","useful","True","1227463"
"xtx__textCommand.csv","xtx__textCommand","125","21","17","text_localization","useful","True","13310"
"xtx__textCommand_help.csv","xtx__textCommand_help","125","22","13","text_localization","useful","True","150955"
"xtx_achievement.csv","xtx_achievement","746","17","7","text_localization","useful","True","281032"
"xtx_attributive.csv","xtx_attributive","35","46","37","text_localization","useful","True","3476"
"xtx_command.csv","xtx_command","1662","134","28","text_localization","useful","True","912815"
"xtx_command_confirm.csv","xtx_command_confirm","11","6","6","text_localization","useful","True","1114"
"xtx_command_content.csv","xtx_command_content","21","6","6","text_localization","useful","True","1689"
"xtx_command_place.csv","xtx_command_place","28","6","6","text_localization","useful","True","1715"
"xtx_command_variableemote.csv","xtx_command_variableemote","3","6","5","text_localization","useful","True","180"
"xtx_communityMember.csv","xtx_communityMember","4","24","22","text_localization","useful","True","589"
"xtx_compatibility.csv","xtx_compatibility","219","55","11","text_localization","useful","True","92374"
"xtx_cutReplay.csv","xtx_cutReplay","614","7","5","text_localization","useful","True","44108"
"xtx_displayName.csv","xtx_displayName","5813","21","21","text_localization","useful","True","840615"
"xtx_emote.csv","xtx_emote","55","10","6","text_localization","useful","True","3220"
"xtx_facility.csv","xtx_facility","25","17","6","text_localization","useful","True","2885"
"xtx_gcRank.csv","xtx_gcRank","22","31","25","text_localization","useful","True","8414"
"xtx_guildleve.csv","xtx_guildleve","624","90","11","text_localization","useful","True","866836"
"xtx_guildleveText.csv","xtx_guildleveText","136","12","6","text_localization","useful","True","102246"
"xtx_hamletDefScore.csv","xtx_hamletDefScore","75","8","5","text_localization","useful","True","13963"
"xtx_itemColor.csv","xtx_itemColor","512","7","6","text_localization","useful","True","54949"
"xtx_itemKind.csv","xtx_itemKind","219","7","7","text_localization","useful","True","20449"
"xtx_itemName.csv","xtx_itemName","8403","136","25","text_localization","useful","True","4299221"
"xtx_journalxtxFst.csv","xtx_journalxtxFst","701","6","5","text_localization","useful","True","1293894"
"xtx_journalxtxRoc.csv","xtx_journalxtxRoc","47","6","6","text_localization","useful","True","103530"
"xtx_journalxtxSea.csv","xtx_journalxtxSea","494","6","5","text_localization","useful","True","901023"
"xtx_journalxtxWil.csv","xtx_journalxtxWil","701","6","5","text_localization","useful","True","1164292"
"xtx_logCategory.csv","xtx_logCategory","99","6","6","text_localization","useful","True","11518"
"xtx_monsterRace.csv","xtx_monsterRace","89","6","6","text_localization","useful","True","8547"
"xtx_nation.csv","xtx_nation","5","6","6","text_localization","useful","True","283"
"xtx_negotiationItem.csv","xtx_negotiationItem","91","9","3","text_localization","useful","True","12710"
"xtx_negotiationTable.csv","xtx_negotiationTable","63","57","3","text_localization","useful","True","18625"
"xtx_npcLsBfrxtx.csv","xtx_npcLsBfrxtx","501","6","6","text_localization","useful","True","108594"
"xtx_npclslist.csv","xtx_npclslist","41","26","6","text_localization","useful","True","4868"
"xtx_placeName.csv","xtx_placeName","923","10","15","text_localization","useful","True","241992"
"xtx_quest.csv","xtx_quest","735","58","36","text_localization","useful","True","1947072"
"xtx_quest_compkind.csv","xtx_quest_compkind","46","6","6","text_localization","useful","True","3332"
"xtx_questCompleteText.csv","xtx_questCompleteText","343","30","2","text_localization","useful","True","15888"
"xtx_raidDungeon.csv","xtx_raidDungeon","16","31","6","text_localization","useful","True","2386"
"xtx_rankType.csv","xtx_rankType","1","22","22","text_localization","useful","True","245"
"xtx_status.csv","xtx_status","399","70","27","text_localization","useful","True","298088"
"xtx_text_attrName.csv","xtx_text_attrName","15","22","22","text_localization","useful","True","1471"
"xtx_text_directName.csv","xtx_text_directName","5","7","7","text_localization","useful","True","233"
"xtx_text_equipPtName.csv","xtx_text_equipPtName","48","21","21","text_localization","useful","True","6761"
"xtx_text_guardian.csv","xtx_text_guardian","12","6","7","text_localization","useful","True","1012"
"xtx_text_jobName.csv","xtx_text_jobName","58","23","23","text_localization","useful","True","11214"
"xtx_text_paramName.csv","xtx_text_paramName","358","11","11","text_localization","useful","True","59018"
"xtx_text_partsName.csv","xtx_text_partsName","79","9","16","text_localization","useful","True","15655"
"xtx_text_raceName.csv","xtx_text_raceName","10","27","27","text_localization","useful","True","1662"
"xtx_text_skillName.csv","xtx_text_skillName","82","20","20","text_localization","useful","True","13436"
"xtx_text_stCateName.csv","xtx_text_stCateName","5","6","6","text_localization","useful","True","250"
"xtx_title.csv","xtx_title","116","16","13","text_localization","useful","True","21060"
"xtx_town.csv","xtx_town","4","6","6","text_localization","useful","True","298"
"xtx_tribe.csv","xtx_tribe","16","11","6","text_localization","useful","True","1568"
"zoneGroupParam.csv","zoneGroupParam","42","7","7","zone","critical","False","1054"
